prediction_id,x1,y1,x2,y2,confidence
0,103,55,166,102,0.979764652
1,100,53,172,125,0.666504408
2,139,79,156,126,0.976596493
3,62,92,137,151,0.693999932
4,89,10,149,67,0.752513637
5,71,-16,86,59,0.681097249
6,12,45,57,131,0.775404112
7,9,47,54,129,0.959530952
8,199,205,214,251,0.222613644
9,39,212,207,236,0.335674516
10,52,23,153,216,0.340467255
11,123,236,40,156,0.60109849
